<?xml version="1.0" encoding="UTF-8"?>
<definitions
	xmlns="http://www.omg.org/spec/BPMN/20100524/MODEL"
	xmlns:xsi="http://www.w3.org/2001/XMLSchema-instance"
	xmlns:xsd="http://www.w3.org/2001/XMLSchema"
	xmlns:activiti="http://activiti.org/bpmn"
	xmlns:bpmndi="http://www.omg.org/spec/BPMN/20100524/DI"
	xmlns:omgdc="http://www.omg.org/spec/DD/20100524/DC"
	xmlns:omgdi="http://www.omg.org/spec/DD/20100524/DI"
	xmlns:flowable="http://flowable.org/bpmn"
	typeLanguage="http://www.w3.org/2001/XMLSchema"
	expressionLanguage="http://www.w3.org/1999/XPath"
	targetNamespace="http://flowable.org/examples" id="vertxExample">
	<process id="vertx" name="Vertx Flowable Example"
		isExecutable="true">
		<endEvent id="endevent1" name="End"></endEvent>
		<startEvent id="startevent1" name="Start"></startEvent>
		<serviceTask id="servicetask1"
			name="Add Greetings to Message"
			flowable:class="org.srm.Vertx.Service.Flowable.Delegates.ServiceGreetingsDelegate"></serviceTask>
		<manualTask id="manualtask1" name="Send Response to Client"></manualTask>
		<sequenceFlow id="flow2" sourceRef="exclusivegateway1"
			targetRef="servicetask1">
			<conditionExpression xsi:type="tFormalExpression"><![CDATA[${approved}]]></conditionExpression>
		</sequenceFlow>
		<sequenceFlow id="flow3" sourceRef="servicetask1"
			targetRef="manualtask1"></sequenceFlow>
		<sequenceFlow id="flow4" sourceRef="manualtask1"
			targetRef="endevent1"></sequenceFlow>
		<exclusiveGateway id="exclusivegateway1"
			name="Exclusive Gateway"></exclusiveGateway>
		<sequenceFlow id="flow5" sourceRef="servicetask2"
			targetRef="exclusivegateway1"></sequenceFlow>
		<serviceTask id="servicetask2" name="Validate Message"
			flowable:class="org.srm.Vertx.Service.Flowable.Delegates.ServiceValidateDelegate" ></serviceTask>
		<serviceTask id="servicetask3"
			name="Send Error Message to Client"
			flowable:class="org.srm.Vertx.Service.Flowable.Delegates.ServiceErrorDelegate"></serviceTask>
		<endEvent id="endevent2" name="End"></endEvent>
		<sequenceFlow id="flow7" sourceRef="exclusivegateway1"
			targetRef="servicetask3">
			<conditionExpression xsi:type="tFormalExpression"><![CDATA[${!approved}]]></conditionExpression>
		</sequenceFlow>
		<sequenceFlow id="flow8" sourceRef="servicetask3"
			targetRef="endevent2"></sequenceFlow>
		<sequenceFlow id="flow9" sourceRef="usertask1"
			targetRef="servicetask2"></sequenceFlow>
		<userTask id="usertask1" name="Client Message"></userTask>
		<sequenceFlow id="flow10" sourceRef="startevent1"
			targetRef="usertask1"></sequenceFlow>
	</process>
	<bpmndi:BPMNDiagram id="BPMNDiagram_vertx">
		<bpmndi:BPMNPlane bpmnElement="vertx"
			id="BPMNPlane_vertx">
			<bpmndi:BPMNShape bpmnElement="endevent1"
				id="BPMNShape_endevent1">
				<omgdc:Bounds height="35.0" width="35.0" x="720.0"
					y="88.0"></omgdc:Bounds>
			</bpmndi:BPMNShape>
			<bpmndi:BPMNShape bpmnElement="startevent1"
				id="BPMNShape_startevent1">
				<omgdc:Bounds height="35.0" width="35.0" x="48.0"
					y="172.0"></omgdc:Bounds>
			</bpmndi:BPMNShape>
			<bpmndi:BPMNShape bpmnElement="servicetask1"
				id="BPMNShape_servicetask1">
				<omgdc:Bounds height="71.0" width="105.0" x="430.0"
					y="70.0"></omgdc:Bounds>
			</bpmndi:BPMNShape>
			<bpmndi:BPMNShape bpmnElement="manualtask1"
				id="BPMNShape_manualtask1">
				<omgdc:Bounds height="71.0" width="105.0" x="580.0"
					y="70.0"></omgdc:Bounds>
			</bpmndi:BPMNShape>
			<bpmndi:BPMNShape bpmnElement="exclusivegateway1"
				id="BPMNShape_exclusivegateway1">
				<omgdc:Bounds height="40.0" width="40.0" x="369.0"
					y="170.0"></omgdc:Bounds>
			</bpmndi:BPMNShape>
			<bpmndi:BPMNShape bpmnElement="servicetask2"
				id="BPMNShape_servicetask2">
				<omgdc:Bounds height="55.0" width="105.0" x="240.0"
					y="162.0"></omgdc:Bounds>
			</bpmndi:BPMNShape>
			<bpmndi:BPMNShape bpmnElement="servicetask3"
				id="BPMNShape_servicetask3">
				<omgdc:Bounds height="66.0" width="105.0" x="430.0"
					y="230.0"></omgdc:Bounds>
			</bpmndi:BPMNShape>
			<bpmndi:BPMNShape bpmnElement="endevent2"
				id="BPMNShape_endevent2">
				<omgdc:Bounds height="35.0" width="35.0" x="578.0"
					y="245.0"></omgdc:Bounds>
			</bpmndi:BPMNShape>
			<bpmndi:BPMNShape bpmnElement="usertask1"
				id="BPMNShape_usertask1">
				<omgdc:Bounds height="55.0" width="105.0" x="101.0"
					y="162.0"></omgdc:Bounds>
			</bpmndi:BPMNShape>
			<bpmndi:BPMNEdge bpmnElement="flow2"
				id="BPMNEdge_flow2">
				<omgdi:waypoint x="389.0" y="170.0"></omgdi:waypoint>
				<omgdi:waypoint x="389.0" y="106.0"></omgdi:waypoint>
				<omgdi:waypoint x="430.0" y="105.0"></omgdi:waypoint>
			</bpmndi:BPMNEdge>
			<bpmndi:BPMNEdge bpmnElement="flow3"
				id="BPMNEdge_flow3">
				<omgdi:waypoint x="535.0" y="105.0"></omgdi:waypoint>
				<omgdi:waypoint x="580.0" y="105.0"></omgdi:waypoint>
			</bpmndi:BPMNEdge>
			<bpmndi:BPMNEdge bpmnElement="flow4"
				id="BPMNEdge_flow4">
				<omgdi:waypoint x="685.0" y="105.0"></omgdi:waypoint>
				<omgdi:waypoint x="720.0" y="105.0"></omgdi:waypoint>
			</bpmndi:BPMNEdge>
			<bpmndi:BPMNEdge bpmnElement="flow5"
				id="BPMNEdge_flow5">
				<omgdi:waypoint x="345.0" y="189.0"></omgdi:waypoint>
				<omgdi:waypoint x="369.0" y="190.0"></omgdi:waypoint>
			</bpmndi:BPMNEdge>
			<bpmndi:BPMNEdge bpmnElement="flow7"
				id="BPMNEdge_flow7">
				<omgdi:waypoint x="389.0" y="210.0"></omgdi:waypoint>
				<omgdi:waypoint x="389.0" y="262.0"></omgdi:waypoint>
				<omgdi:waypoint x="430.0" y="263.0"></omgdi:waypoint>
			</bpmndi:BPMNEdge>
			<bpmndi:BPMNEdge bpmnElement="flow8"
				id="BPMNEdge_flow8">
				<omgdi:waypoint x="535.0" y="263.0"></omgdi:waypoint>
				<omgdi:waypoint x="578.0" y="262.0"></omgdi:waypoint>
			</bpmndi:BPMNEdge>
			<bpmndi:BPMNEdge bpmnElement="flow9"
				id="BPMNEdge_flow9">
				<omgdi:waypoint x="206.0" y="189.0"></omgdi:waypoint>
				<omgdi:waypoint x="240.0" y="189.0"></omgdi:waypoint>
			</bpmndi:BPMNEdge>
			<bpmndi:BPMNEdge bpmnElement="flow10"
				id="BPMNEdge_flow10">
				<omgdi:waypoint x="83.0" y="189.0"></omgdi:waypoint>
				<omgdi:waypoint x="101.0" y="189.0"></omgdi:waypoint>
			</bpmndi:BPMNEdge>
		</bpmndi:BPMNPlane>
	</bpmndi:BPMNDiagram>
</definitions>